{
    "co2_injector": 1.2019989490509033,
    "fan1": 2.2533340454101563,
    "fan2": 2.2533340454101563,
    "heater": 4.841666221618652,
    "humidifier": 1.5224990844726563
}