{
    "co2_injector": 1.7380977869033813,
    "fan1": 2.0,
    "fan2": 2.0,
    "heater": 2.021000385284424,
    "humidifier": 1.177499771118164
}