{
    "co2_injector": 1.2910003662109375,
    "fan1": 2.0,
    "fan2": 2.0,
    "heater": 5.0,
    "humidifier": 1.6900005340576172
}