{
    "co2_injector": -4.001000881195068,
    "fan1": 0.0,
    "fan2": 0.0,
    "heater": 0.08165740966796875,
    "humidifier": -0.06750106811523438
}