{
    "co2_injector": 0.760998547077179,
    "fan1": 0.0,
    "fan2": 0.0,
    "heater": 3.383336067199707,
    "humidifier": -0.002498626708984375
}